battalion,average_response_time
B04 ,4.644935
B05,4.909941
B01,5.185852
B06,5.418238
B02 ,5.573312
B07 ,5.601766
B03,6.170277
B08 ,6.218562
B09,6.382845
B10 ,6.734108
B99,6.793269