zipcode_of_incident,average_response_time
94117,4.704222
94109,4.8532
94114,4.958684
94118,4.982217
94108,5.067452
94115,5.173203
94123,5.224074
94110,5.337371
94133,5.349083
94111,5.526237
94103,5.582524
94122,5.687175
94104,5.697414
94102,5.704858
94107,5.859524
94131,5.941033
94112,6.06759
94158,6.076316
94121,6.176832
94116,6.469767
94129,6.843678
94132,6.849326
94124,6.859137
94105,7.020571
94127,7.059283
94134,7.452736
94130,7.850476